Year,Yearly ranking,Name,Net worth,Age,Nationality,Source(s) of wealth,Annual Change in Net Worth,Industry,Source(s) of wealth and Industry
1987,1,Yoshiaki Tsutsumi,20,53, Japan,Seibu conglomerate,0,Conglomerate,Seibu conglomerate (Conglomerate)
1987,2,Taikichiro Mori,15,83, Japan,Mori Building Company,0,RealEstate,Mori Building Company (RealEstate)
1987,3,Shigeru Kobayashi,7.5,NA, Japan,Chiome Bioscience,0,Biotechnology,Chiome Bioscience (Biotechnology)
1987,4,Haruhiko Yoshimoto,7,64, Japan,Yoshimoto Tochi Tatemono,0,RealEstate,Yoshimoto Tochi Tatemono (RealEstate)
1987,5,Salim Ahmed Bin Mahfouz,6.2,38, Saudi Arabia,Saudi Economic & Development Co Ltd.,0,RealEstate,Saudi Economic & Development Co Ltd. (RealEstate)
1987,6,Hans and Gad Rausing,6,61, Sweden,Tetra Pak,0,Packaging,Tetra Pak (Packaging)
1987,7,Paul Reichmann,6,57, Canada,Olympia & York real estate development company,0,RealEstate,Olympia & York real estate development company (RealEstate)
1987,8,Yohachiro Iwasaki,5.6,85, Japan,Iwasaki Foundation,0,Conglomerate,Iwasaki Foundation (Conglomerate)
1987,9,Kenneth Thomson,5.4,64, Canada,Thomson Reuters,0,Media,Thomson Reuters (Media)
1987,10,Keizo Saji,4,68, Japan,Suntory,0,Beverage,Suntory (Beverage)
1988,1,Yoshiaki Tsutsumi,18.9,54, Japan,Seibu conglomerate,-1.1,Conglomerate,Seibu conglomerate (Conglomerate)
1988,2,Taikichiro Mori,18,84, Japan,Mori Building Company,3,RealEstate,Mori Building Company (RealEstate)
1988,3,Paul Reichmann,9,58, Canada,Olympia & York real estate development company,3,RealEstate,Olympia & York real estate development company (RealEstate)
1988,4,Shin Kyuk-ho,8,67, South Korea,Lotte Group,0,Conglomerate,Lotte Group (Conglomerate)
1988,5,K. C. Irving,8,89, Canada,Irving Oil,0,Energy,Irving Oil (Energy)
1988,6,Haruhiko Yoshimoto,7.8,65, Japan,Yoshimoto Tochi Tatemono,0.8,RealEstate,Yoshimoto Tochi Tatemono (RealEstate)
1988,7,Sam Walton,6.5,70, United States,Wal-Mart,0,Retail,Wal-Mart (Retail)
1988,8,Tsai Wan-lin,5.6,64, Taiwan,Cathay Life Insurance,0,Insurance,Cathay Life Insurance (Insurance)
1988,9,Eitaro Itoyama,5,46, Japan,Eponymous Educational Institution,0,Education,Eponymous Educational Institution (Education)
1988,10,Kitaro Watanabe,5.2,54, Japan,Azabu Motor Co.,0,Automotive,Azabu Motor Co. (Automotive)
1989,1,Yoshiaki Tsutsumi,15,55, Japan,Seibu conglomerate,-3.9,Conglomerate,Seibu conglomerate (Conglomerate)
1989,2,Taikichiro Mori,14.2,85, Japan,Mori Building Company,-3.8,RealEstate,Mori Building Company (RealEstate)
1989,3,Sam Walton,8.7,71, United States,Wal-Mart,2.2,Retail,Wal-Mart (Retail)
1989,4,Paul Reichmann,8,59, Canada,Olympia & York real estate development company,-1,RealEstate,Olympia & York real estate development company (RealEstate)
1989,5,Shin Kyuk-ho,8,68, South Korea,Lotte Group,0,Conglomerate,Lotte Group (Conglomerate)
1989,6,Hirotomo Takei,7.8,69, Japan,Takefuji Corporation,0,FinancialServices,Takefuji Corporation (FinancialServices)
1989,7,Kitaro Watanabe,7,55, Japan,Azabu Motor Co.,1.8,Automotive,Azabu Motor Co. (Automotive)
1989,8,Haruhiko Yoshimoto,7,66, Japan,Yoshimoto Tochi Tatemono,-0.8,RealEstate,Yoshimoto Tochi Tatemono (RealEstate)
1989,9,Hans and Gad Rausing,7,63, Sweden,Tetra Pak,1,Packaging,Tetra Pak (Packaging)
1989,10,Eitaro Itoyama,6.6,47, Japan,Eponymous Educational Institution,1.6,Education,Eponymous Educational Institution (Education)
1990,1,Yoshiaki Tsutsumi,16,56, Japan,Seibu conglomerate,1,Conglomerate,Seibu conglomerate (Conglomerate)
1990,2,Taikichiro Mori,14.6,86, Japan,Mori Building Company,0.4,RealEstate,Mori Building Company (RealEstate)
1990,3,Walton family,13.5,NA, United States,Wal-Mart,4.8,Retail,Wal-Mart (Retail)
1990,4,du Pont,10,52, United States,"DuPont de Nemours, Inc.",0,Chemicals,"DuPont de Nemours, Inc. (Chemicals)"
1990,5,Hans and Gad Rausing,9.6,64, Sweden,Tetra Pak,2.6,Packaging,Tetra Pak (Packaging)
1990,6,Kitaro Watanabe,9.2,56, Japan,Azabu Motor Co.,2.2,Automotive,Azabu Motor Co. (Automotive)
1990,7,Paul Reichmann,9,60, Canada,Olympia & York real estate development company,1,RealEstate,Olympia & York real estate development company (RealEstate)
1990,8,Kenkichi Nakajima,8.4,34, Japan,Heiwa Corporation,0,Gambling,Heiwa Corporation (Gambling)
1990,9,Shin Kyuk-ho,7.5,69, South Korea,Lotte Group,-0.5,Conglomerate,Lotte Group (Conglomerate)
1990,10,Eitaro Itoyama,5.8,48, Japan,Eponymous Educational Institution,-0.8,Education,Eponymous Educational Institution (Education)
1991,1,Walton family,18.5,NA, United States,Wal-Mart,5,Retail,Wal-Mart (Retail)
1991,2,Taikichiro Mori,15,87, Japan,Mori Building Company,0.4,RealEstate,Mori Building Company (RealEstate)
1991,3,Yoshiaki Tsutsumi,14,57, Japan,Seibu conglomerate,-2,Conglomerate,Seibu conglomerate (Conglomerate)
1991,4,du Pont,10,53, United States,"DuPont de Nemours, Inc.",0,Chemicals,"DuPont de Nemours, Inc. (Chemicals)"
1991,5,Hans and Gad Rausing,9,65, Sweden,Tetra Pak,-0.6,Packaging,Tetra Pak (Packaging)
1991,6,Kitaro Watanabe,7.7,57, Japan,Azabu Motor Co.,-1.5,Automotive,Azabu Motor Co. (Automotive)
1991,7,Paul Reichmann,7.1,61, Canada,Olympia & York real estate development company,-1.9,RealEstate,Olympia & York real estate development company (RealEstate)
1991,8,Kenneth Thomson,6.8,68, Canada,Thomson Reuters,1.4,Media,Thomson Reuters (Media)
1991,9,Kenkichi Nakajima,6.1,35, Japan,Heiwa Corporation,-2.3,Gambling,Heiwa Corporation (Gambling)
1991,10,Shin Kyuk-ho,6,70, South Korea,Lotte Group,-1.5,Conglomerate,Lotte Group (Conglomerate)
1992,1,Walton family,23.8,NA, United States,Wal-Mart,5.3,Retail,Wal-Mart (Retail)
1992,2,Taikichiro Mori,13,88, Japan,Mori Building Company,-2,RealEstate,Mori Building Company (RealEstate)
1992,3,Yoshiaki Tsutsumi,10,58, Japan,Seibu conglomerate,-4,Conglomerate,Seibu conglomerate (Conglomerate)
1992,4,Hans and Gad Rausing,7,66, Sweden,Tetra Pak,-2,Packaging,Tetra Pak (Packaging)
1992,5,Erivan Haub,6.9,60, Germany,Tengelmann Group,0,Conglomerate,Tengelmann Group (Conglomerate)
1992,6,Haniel,6.4,21, Germany,Franz Haniel & Cie. GmbH,0,Conglomerate,Franz Haniel & Cie. GmbH (Conglomerate)
1992,7,Bill Gates,6.4,37, United States,Microsoft,0,Technology,Microsoft (Technology)
1992,8,David Sainsbury,6.2,52, United Kingdom,J Sainsbury plc,0,Retail,J Sainsbury plc (Retail)
1992,9,Kenneth Thomson,6.2,69, Canada,Thomson Reuters,-0.6,Media,Thomson Reuters (Media)
1992,10,Shin Kyuk-ho,6,71, South Korea,Lotte Group,0,Conglomerate,Lotte Group (Conglomerate)
1993,1,Walton family,25.3,NA, United States,Wal-Mart,1.5,Retail,Wal-Mart (Retail)
1993,2,Forrest Mars Sr. & family,9.2,62, United States,"Mars, Inc.",0,Food,"Mars, Inc. (Food)"
1993,3,Yoshiaki Tsutsumi,9,59, Japan,Seibu conglomerate,-1,Conglomerate,Seibu conglomerate (Conglomerate)
1993,4,du Pont,8.6,55, United States,"DuPont de Nemours, Inc.",-1.4,Chemicals,"DuPont de Nemours, Inc. (Chemicals)"
1993,5,Minoru and Akira Mori,7.5,59, Japan,Mori Building Company,-5.5,RealEstate,Mori Building Company (RealEstate)
1993,6,Bill Gates,7.4,38, United States,Microsoft,1,Technology,Microsoft (Technology)
1993,7,Samuel and Donald Newhouse,7,63, United States,Advance Publications,0,Media,Advance Publications (Media)
1993,8,Sid and Lee Bass,6.8,37, United States,Investor,0,Investment,Investor (Investment)
1993,9,Warren Buffett,6.6,63, United States,Berkshire Hathaway,0,Conglomerate,Berkshire Hathaway (Conglomerate)
1993,10,Erivan Haub,6.2,61, Germany,Tengelmann Group,-0.7,Conglomerate,Tengelmann Group (Conglomerate)
1994,10,Carlos Slim,6.6,54, Mexico,"América Móvil, Grupo Carso",0,Telecommunications,"América Móvil, Grupo Carso (Telecommunications)"
1994,9,Karl Albrecht,7.3,74, Germany,Aldi Süd,0,Retail,Aldi Süd (Retail)
1994,1,Walton family,22.6,NA, United States,Wal-Mart,-2.7,Retail,Wal-Mart (Retail)
1994,2,du Pont,9,56, United States,"DuPont de Nemours, Inc.",0.4,Chemicals,"DuPont de Nemours, Inc. (Chemicals)"
1994,3,Hans and Gad Rausing,9,68, Sweden,Tetra Pak,2,Packaging,Tetra Pak (Packaging)
1994,4,Yoshiaki Tsutsumi,8.5,60, Japan,Seibu conglomerate,-0.5,Conglomerate,Seibu conglomerate (Conglomerate)
1994,5,Bill Gates,8.2,39, United States,Microsoft,0.8,Technology,Microsoft (Technology)
1994,6,Warren Buffett,7.9,64, United States,Berkshire Hathaway,1.3,Conglomerate,Berkshire Hathaway (Conglomerate)
1994,7,Paul Sacher & Hoffman family,7.8,27, Switzerland,Roche,0,Healthcare,Roche (Healthcare)
1994,8,Tsai Wan-lin,7.5,70, Taiwan,Cathay Life Insurance,1.9,Insurance,Cathay Life Insurance (Insurance)
1995,1,Walton family,23.5,NA, United States,Wal-Mart,0.9,Retail,Wal-Mart (Retail)
1995,2,Bill Gates,12.9,40, United States,Microsoft,4.7,Technology,Microsoft (Technology)
1995,3,Warren Buffett,10.7,65, United States,Berkshire Hathaway,2.8,Conglomerate,Berkshire Hathaway (Conglomerate)
1995,4,Hans and Gad Rausing,9,69, Sweden,Tetra Pak,0,Packaging,Tetra Pak (Packaging)
1995,5,Yoshiaki Tsutsumi,9,61, Japan,Seibu conglomerate,0.5,Conglomerate,Seibu conglomerate (Conglomerate)
1995,6,Paul Sacher & Hoffman family,8.6,28, Switzerland,Roche,0.8,Healthcare,Roche (Healthcare)
1995,7,Tsai Wan-lin,8.5,71, Taiwan,Cathay Life Insurance,1,Insurance,Cathay Life Insurance (Insurance)
1995,8,Kenneth Thomson,6.5,72, Canada,Thomson Reuters,0.3,Media,Thomson Reuters (Media)
1995,9,Lee Shau-kee,6.5,67, Hong Kong,Henderson Land Development,0,RealEstate,Henderson Land Development (RealEstate)
1995,10,Chung Ju-yung,6.2,80, South Korea,Hyundai Group,0,Conglomerate,Hyundai Group (Conglomerate)
1996,10,Karl Albrecht,9,76, Germany,Aldi Süd,1.7,Retail,Aldi Süd (Retail)
1996,1,Walton family,22.9,NA, United States,Wal-Mart,-0.6,Retail,Wal-Mart (Retail)
1996,2,Bill Gates,18,41, United States,Microsoft,5.1,Technology,Microsoft (Technology)
1996,3,Warren Buffett,15.3,65, United States,Berkshire Hathaway,4.6,Conglomerate,Berkshire Hathaway (Conglomerate)
1996,4,Paul Sacher & Hoffman family,13.1,29, Switzerland,Roche,4.5,Healthcare,Roche (Healthcare)
1996,5,Lee Shau-kee,12.7,68, Hong Kong,Henderson Land Development,6.2,RealEstate,Henderson Land Development (RealEstate)
1996,6,Tsai Wan-lin,12.2,72, Taiwan,Cathay Life Insurance,3.7,Insurance,Cathay Life Insurance (Insurance)
1996,7,Kwok brothers,11.2,47, Hong Kong,Sun Hung Kai Properties,0,RealEstate,Sun Hung Kai Properties (RealEstate)
1996,8,Li Ka-shing,10.6,68, Hong Kong,Cheung Kong Holdings,0,Conglomerate,Cheung Kong Holdings (Conglomerate)
1996,9,Yoshiaki Tsutsumi,9.2,62, Japan,Seibu conglomerate,0.2,Conglomerate,Seibu conglomerate (Conglomerate)
1997,9,Karl Albrecht,11.5,77, Germany,Aldi Süd,2.5,Retail,Aldi Süd (Retail)
1997,1,Bill Gates,36.4,42, United States,Microsoft,18.4,Technology,Microsoft (Technology)
1997,2,Walton family,27.6,NA, United States,Wal-Mart,4.7,Retail,Wal-Mart (Retail)
1997,3,Warren Buffett,23.2,66, United States,Berkshire Hathaway,7.9,Conglomerate,Berkshire Hathaway (Conglomerate)
1997,4,Lee Shau-kee,14.7,69, Hong Kong,Henderson Land Development,2,RealEstate,Henderson Land Development (RealEstate)
1997,6,Kwok brothers,12.3,48, Hong Kong,Sun Hung Kai Properties,1.1,RealEstate,Sun Hung Kai Properties (RealEstate)
1997,7,Haas,12.3,45, United States,Levi Strauss & Co,0,Retail,Levi Strauss & Co (Retail)
1997,8,Forrest Mars Sr. & family,12,93, United States,"Mars, Inc.",2.8,Food,"Mars, Inc. (Food)"
1997,10,Tsai Wan-lin,11.3,73, Taiwan,Cathay Life Insurance,-0.9,Insurance,Cathay Life Insurance (Insurance)
1998,10,Karl Albrecht,11.7,78, Germany,Aldi Süd,0.2,Retail,Aldi Süd (Retail)
1998,8,Al-Waleed Bin Talal,13.3,41, Saudi Arabia,Kingdom Holding Company,0,Investment,Kingdom Holding Company (Investment)
1998,1,Bill Gates,51,43, United States,Microsoft,14.6,Technology,Microsoft (Technology)
1998,2,Walton family,48,NA, United States,Wal-Mart,20.4,Retail,Wal-Mart (Retail)
1998,3,Warren Buffett,33,67, United States,Berkshire Hathaway,9.8,Conglomerate,Berkshire Hathaway (Conglomerate)
1998,5,Kenneth Thomson,14.4,74, Canada,Woodbridge Co. Ltd.,0,Conglomerate,Woodbridge Co. Ltd. (Conglomerate)
1998,6,Jay and Robert Pritzker,13.5,72, United States,Hyatt,0,Hospitality,Hyatt (Hospitality)
1998,7,Forrest Mars Sr. & family,13.5,94, United States,"Mars, Inc.",1.5,Food,"Mars, Inc. (Food)"
1998,9,Lee Shau-kee,12.7,70, Hong Kong,Henderson Land Development,-2,RealEstate,Henderson Land Development (RealEstate)
1999,9,Karl Albrecht,13.6,79, Germany,Aldi Süd,1.9,Retail,Aldi Süd (Retail)
1999,8,Al-Waleed Bin Talal,15,42, Saudi Arabia,Kingdom Holding Company,1.7,Investment,Kingdom Holding Company (Investment)
1999,1,Bill Gates,90,43, United States,Microsoft,39,Technology,Microsoft (Technology)
1999,2,Warren Buffett,36,68, United States,Berkshire Hathaway,3,Conglomerate,Berkshire Hathaway (Conglomerate)
1999,5,Philip Anschutz,16.5,59, United States,The Anschutz Corporation,0,Conglomerate,The Anschutz Corporation (Conglomerate)
1999,6,Michael Dell,16.5,34, United States,Dell,0,Technology,Dell (Technology)
1999,7,S. Robson Walton,15.8,55, United States,Wal-Mart,-32.2,Retail,Wal-Mart (Retail)
1999,10,Li Ka-shing,12.6,71, Hong Kong,Cheung Kong Holdings,2,Conglomerate,Cheung Kong Holdings (Conglomerate)
2000,5,Karl Albrecht,20,80, Germany,Aldi Süd,6.4,Retail,Aldi Süd (Retail)
2000,6,Al-Waleed bin Talal,20,43, Saudi Arabia,Kingdom Holding Company,5,Investment,Kingdom Holding Company (Investment)
2000,1,Bill Gates,60,44, United States,Microsoft,-30,Technology,Microsoft (Technology)
2000,2,Larry Ellison,47,55, United States,Oracle Corporation,0,Technology,Oracle Corporation (Technology)
2000,4,Warren Buffett,25.6,69, United States,Berkshire Hathaway,-10.4,Conglomerate,Berkshire Hathaway (Conglomerate)
2000,7,S. Robson Walton,20,57, United States,Wal-Mart,4.2,Retail,Wal-Mart (Retail)
2000,8,Masayoshi Son,19.4,43, Japan,"Softbank Capital, SoftBank Mobile",0,Investment,"Softbank Capital, SoftBank Mobile (Investment)"
2000,9,Michael Dell,19.1,35, United States,Dell,2.6,Technology,Dell (Technology)
2000,10,Kenneth Thomson,16.1,77, Canada,Thomson Reuters,9.6,Media,Thomson Reuters (Media)
2001,5,Karl Albrecht,25,81, Germany,Aldi Süd,5,Retail,Aldi Süd (Retail)
2001,6,Al-Waleed bin Talal,20,44, Saudi Arabia,Kingdom Holding Company,0,Investment,Kingdom Holding Company (Investment)
2001,1,Bill Gates,58.7,45, United States,Microsoft,-1.3,Technology,Microsoft (Technology)
2001,2,Warren Buffett,32.3,70, United States,Berkshire Hathaway,6.7,Conglomerate,Berkshire Hathaway (Conglomerate)
2001,4,Larry Ellison,26,56, United States,Oracle Corporation,-21,Technology,Oracle Corporation (Technology)
2001,7,Jim Walton,18.8,53, United States,Wal-Mart,-1.2,Retail,Wal-Mart (Retail)
2002,3,Karl Albrecht,26.8,82, Germany,Aldi Süd,1.8,Retail,Aldi Süd (Retail)
2002,1,Bill Gates,52.8,46, United States,Microsoft,-5.9,Technology,Microsoft (Technology)
2002,2,Warren Buffett,35,71, United States,Berkshire Hathaway,2.7,Conglomerate,Berkshire Hathaway (Conglomerate)
2002,5,Larry Ellison,23.5,57, United States,Oracle Corporation,-2.5,Technology,Oracle Corporation (Technology)
2002,7,John Walton,20.7,56, United States,Wal-Mart,1.9,Retail,Wal-Mart (Retail)
2003,1,Bill Gates,40.7,47, United States,Microsoft,-12.1,Technology,Microsoft (Technology)
2003,2,Warren Buffett,30.5,72, United States,Berkshire Hathaway,-4.5,Conglomerate,Berkshire Hathaway (Conglomerate)
2003,6,Larry Ellison,16.6,58, United States,Oracle Corporation,-6.9,Technology,Oracle Corporation (Technology)
2003,7,Alice Walton,16.5,54, United States,Wal-Mart,-4.2,Retail,Wal-Mart (Retail)
2003,3,Karl Albrecht,25.6,83, Germany,Aldi Süd,-1.2,Retail,Aldi Süd (Retail)
2003,5,Al-Waleed bin Talal,17.7,46, Saudi Arabia,Kingdom Holding Company,-2.3,Investment,Kingdom Holding Company (Investment)
2004,1,Bill Gates,46.6,48, United States,Microsoft,5.9,Technology,Microsoft (Technology)
2004,2,Warren Buffett,42.9,73, United States,Berkshire Hathaway,12.4,Conglomerate,Berkshire Hathaway (Conglomerate)
2004,6,Helen Walton,20,84, United States,Wal-Mart,3.5,Retail,Wal-Mart (Retail)
2004,3,Karl Albrecht,23,84, Germany,Aldi Süd,-2.6,Retail,Aldi Süd (Retail)
2004,4,Al-Waleed bin Talal,21.5,47, Saudi Arabia,Kingdom Holding Company,3.8,Investment,Kingdom Holding Company (Investment)
2005,4,Carlos Slim,23.8,65, Mexico,"América Móvil, Grupo Carso",17.2,Telecommunications,"América Móvil, Grupo Carso (Telecommunications)"
2005,1,Bill Gates,46.5,49, United States,Microsoft,-0.1,Technology,Microsoft (Technology)
2005,2,Warren Buffett,44,74, United States,Berkshire Hathaway,1.1,Conglomerate,Berkshire Hathaway (Conglomerate)
2005,3,Lakshmi Mittal,25,54, India,Arcelor Mittal,0,Steel,Arcelor Mittal (Steel)
2005,6,Ingvar Kamprad,23,79, Sweden,IKEA,0,Retail,IKEA (Retail)
2005,9,Larry Ellison,18.4,60, United States,Oracle Corporation,1.8,Technology,Oracle Corporation (Technology)
2005,10,S. Robson Walton,18.3,61, United States,Wal-Mart,-1.7,Retail,Wal-Mart (Retail)
2005,8,Karl Albrecht,18.5,85, Germany,Aldi Süd,-4.5,Retail,Aldi Süd (Retail)
2005,5,Al-Waleed bin Talal,23.7,49, Saudi Arabia,Kingdom Holding Company,2.2,Investment,Kingdom Holding Company (Investment)
2006,7,Bernard Arnault,21.5,57, France,LVMH,0,Luxury,LVMH (Luxury)
2006,3,Carlos Slim,30,66, Mexico,"América Móvil, Grupo Carso",6.2,Telecommunications,"América Móvil, Grupo Carso (Telecommunications)"
2006,1,Bill Gates,52,50, United States,Microsoft,5.5,Technology,Microsoft (Technology)
2006,2,Warren Buffett,42,75, United States,Berkshire Hathaway,-2,Conglomerate,Berkshire Hathaway (Conglomerate)
2006,4,Ingvar Kamprad,28,79, Sweden,IKEA,5,Retail,IKEA (Retail)
2006,5,Lakshmi Mittal,23.5,55, India,Arcelor Mittal,-1.5,Steel,Arcelor Mittal (Steel)
2006,9,Kenneth Thomson,19.6,82, Canada,Thomson Reuters,3.5,Media,Thomson Reuters (Media)
2006,10,Li Ka-shing,18.8,77, Hong Kong,Cheung Kong Holdings,6.2,Conglomerate,Cheung Kong Holdings (Conglomerate)
2006,8,Al-Waleed bin Talal,20,49, Saudi Arabia,Kingdom Holding Company,-3.7,Investment,Kingdom Holding Company (Investment)
2007,7,Bernard Arnault,26,58, France,LVMH,4.5,Luxury,LVMH (Luxury)
2007,8,Amancio Ortega,24,71, Spain,Inditex,0,Retail,Inditex (Retail)
2007,3,Carlos Slim,49,67, Mexico,"América Móvil, Grupo Carso",19,Telecommunications,"América Móvil, Grupo Carso (Telecommunications)"
2007,1,Bill Gates,56,51, United States,Microsoft,4,Technology,Microsoft (Technology)
2007,2,Warren Buffett,52,76, United States,Berkshire Hathaway,10,Conglomerate,Berkshire Hathaway (Conglomerate)
2007,4,Ingvar Kamprad,33,80, Sweden,IKEA,5,Retail,IKEA (Retail)
2007,5,Lakshmi Mittal,32,56, India,Arcelor Mittal,0,Steel,Arcelor Mittal (Steel)
2007,6,Sheldon Adelson,26.5,73, United States,Las Vegas Sands,0,Hospitality,Las Vegas Sands (Hospitality)
2007,9,Li Ka-shing,23,78, Hong Kong,Cheung Kong Holdings,4.2,Conglomerate,Cheung Kong Holdings (Conglomerate)
2007,10,David Thomson,22,49, Canada,Thomson Reuters,2.4,Media,Thomson Reuters (Media)
2008,2,Carlos Slim,60,68, Mexico,"América Móvil, Grupo Carso",11,Telecommunications,"América Móvil, Grupo Carso (Telecommunications)"
2008,1,Warren Buffett,62,77, United States,Berkshire Hathaway,10,Conglomerate,Berkshire Hathaway (Conglomerate)
2008,3,Bill Gates,58,52, United States,Microsoft,2,Technology,Microsoft (Technology)
2008,4,Lakshmi Mittal,45,57, India,Arcelor Mittal,13,Steel,Arcelor Mittal (Steel)
2008,5,Mukesh Ambani,43,51, India,Reliance Industries,0,Conglomerate,Reliance Industries (Conglomerate)
2008,6,Anil Ambani,42,48, India,Anil Dhirubhai Ambani Group,0,Conglomerate,Anil Dhirubhai Ambani Group (Conglomerate)
2008,7,Ingvar Kamprad,31,81, Sweden,IKEA,-2,Retail,IKEA (Retail)
2008,8,Kushal Pal Singh,30,76, India,DLF Group,0,RealEstate,DLF Group (RealEstate)
2008,9,Oleg Deripaska,28,40, Russia,Rusal,0,Metals,Rusal (Metals)
2008,10,Karl Albrecht,27,88, Germany,Aldi Süd,8.5,Retail,Aldi Süd (Retail)
2009,10,Amancio Ortega,18.3,73, Spain,Inditex,-5.7,Retail,Inditex (Retail)
2009,3,Carlos Slim,35,69, Mexico,"América Móvil, Grupo Carso",-25,Telecommunications,"América Móvil, Grupo Carso (Telecommunications)"
2009,1,Bill Gates,40,53, United States,Microsoft,-18,Technology,Microsoft (Technology)
2009,2,Warren Buffett,37,78, United States,Berkshire Hathaway,-25,Conglomerate,Berkshire Hathaway (Conglomerate)
2009,4,Larry Ellison,22.5,64, United States,Oracle Corporation,4.1,Technology,Oracle Corporation (Technology)
2009,5,Ingvar Kamprad,22,83, Sweden,IKEA,-9,Retail,IKEA (Retail)
2009,7,Mukesh Ambani,19.5,52, India,Reliance Industries,-23.5,Conglomerate,Reliance Industries (Conglomerate)
2009,8,Lakshmi Mittal,19.3,58, India,Arcelor Mittal,-25.7,Steel,Arcelor Mittal (Steel)
2009,6,Karl Albrecht,21.5,89, Germany,Aldi Süd,-5.5,Retail,Aldi Süd (Retail)
2010,7,Bernard Arnault,27.5,61, France,LVMH,1.5,Luxury,LVMH (Luxury)
2010,9,Amancio Ortega,25,74, Spain,Inditex,6.7,Retail,Inditex (Retail)
2010,1,Carlos Slim,53.5,70, Mexico,"América Móvil, Grupo Carso",18.5,Telecommunications,"América Móvil, Grupo Carso (Telecommunications)"
2010,2,Bill Gates,53,54, United States,Microsoft,13,Technology,Microsoft (Technology)
2010,3,Warren Buffett,47,79, United States,Berkshire Hathaway,10,Conglomerate,Berkshire Hathaway (Conglomerate)
2010,4,Mukesh Ambani,29,53, India,Reliance Industries,9.5,Conglomerate,Reliance Industries (Conglomerate)
2010,5,Lakshmi Mittal,28.7,60, India,Arcelor Mittal,9.4,Steel,Arcelor Mittal (Steel)
2010,6,Larry Ellison,28,66, United States,Oracle Corporation,5.5,Technology,Oracle Corporation (Technology)
2010,8,Eike Batista,27,53, Brazil,EBX Group,0,Conglomerate,EBX Group (Conglomerate)
2010,10,Karl Albrecht,23.5,90, Germany,Aldi Süd,2,Retail,Aldi Süd (Retail)
2011,4,Bernard Arnault,41,62, France,LVMH,13.5,Luxury,LVMH (Luxury)
2011,7,Amancio Ortega,31,74, Spain,Inditex,6,Retail,Inditex (Retail)
2011,1,Carlos Slim,74,71, Mexico,"América Móvil, Grupo Carso",20.5,Telecommunications,"América Móvil, Grupo Carso (Telecommunications)"
2011,2,Bill Gates,56,55, United States,Microsoft,3,Technology,Microsoft (Technology)
2011,3,Warren Buffett,50,80, United States,Berkshire Hathaway,3,Conglomerate,Berkshire Hathaway (Conglomerate)
2011,5,Larry Ellison,39.5,66, United States,Oracle Corporation,11.5,Technology,Oracle Corporation (Technology)
2011,6,Lakshmi Mittal,31.1,60, India,Arcelor Mittal,2.4,Steel,Arcelor Mittal (Steel)
2011,8,Eike Batista,30,53, Brazil,EBX Group,3,Conglomerate,EBX Group (Conglomerate)
2011,9,Mukesh Ambani,27,54, India,Reliance Industries,-2,Conglomerate,Reliance Industries (Conglomerate)
2011,10,Christy Walton,26.5,62, United States,Wal-Mart,8.2,Retail,Wal-Mart (Retail)
2012,4,Bernard Arnault,41,63, France,LVMH,0,Luxury,LVMH (Luxury)
2012,5,Amancio Ortega,37.5,75, Spain,Inditex,6.5,Retail,Inditex (Retail)
2012,2,Bill Gates,61,56, United States,Microsoft,5,Technology,Microsoft (Technology)
2012,3,Warren Buffett,44,81, United States,Berkshire Hathaway,-6,Conglomerate,Berkshire Hathaway (Conglomerate)
2012,6,Larry Ellison,36,67, United States,Oracle Corporation,-3.5,Technology,Oracle Corporation (Technology)
2012,7,Eike Batista,30,55, Brazil,EBX Group,0,Conglomerate,EBX Group (Conglomerate)
2012,8,Stefan Persson,26,64, Sweden,H&M,0,Retail,H&M (Retail)
2012,9,Li Ka-shing,25.5,83, Hong Kong,Cheung Kong Holdings,2.5,Conglomerate,Cheung Kong Holdings (Conglomerate)
2012,1,Carlos Slim,69,72, Mexico,"América Móvil, Grupo Carso",-5,Telecommunications,"América Móvil, Grupo Carso (Telecommunications)"
2012,10,Karl Albrecht,25.4,92, Germany,Aldi Süd,1.9,Retail,Aldi Süd (Retail)
2013,3,Amancio Ortega,57,76, Spain,Inditex,19.5,Retail,Inditex (Retail)
2013,2,Bill Gates,67,57, United States,Microsoft,6,Technology,Microsoft (Technology)
2013,4,Warren Buffett,53.5,82, United States,Berkshire Hathaway,9.5,Conglomerate,Berkshire Hathaway (Conglomerate)
2013,5,Larry Ellison,43,68, United States,Oracle Corporation,7,Technology,Oracle Corporation (Technology)
2013,6,Charles Koch,34,77, United States,Koch Industries,0,Conglomerate,Koch Industries (Conglomerate)
2013,8,Li Ka-shing,31,84, Hong Kong,Cheung Kong Holdings,5.5,Conglomerate,Cheung Kong Holdings (Conglomerate)
2013,9,Liliane Bettencourt,30,90, France,L'Oreal,0,Beauty,L'Oreal (Beauty)
2013,10,Bernard Arnault,29,63, France,LVMH,-12,Luxury,LVMH (Luxury)
2013,1,Carlos Slim,73,73, Mexico,"América Móvil, Grupo Carso",4,Telecommunications,"América Móvil, Grupo Carso (Telecommunications)"
2014,1,Bill Gates,76,58, United States,Microsoft,9,Technology,Microsoft (Technology)
2014,3,Amancio Ortega,64,77, Spain,Inditex,7,Retail,Inditex (Retail)
2014,4,Warren Buffett,58.2,83, United States,Berkshire Hathaway,4.7,Conglomerate,Berkshire Hathaway (Conglomerate)
2014,5,Larry Ellison,48,70, United States,Oracle Corporation,5,Technology,Oracle Corporation (Technology)
2014,6,Charles Koch,40,78, United States,Koch Industries,6,Conglomerate,Koch Industries (Conglomerate)
2014,8,Sheldon Adelson,38,80, United States,Las Vegas Sands,11.5,Hospitality,Las Vegas Sands (Hospitality)
2014,9,Christy Walton,36.7,65, United States,Wal-Mart,10.2,Retail,Wal-Mart (Retail)
2014,2,Carlos Slim,72,74, Mexico,"América Móvil, Grupo Carso",-1,Telecommunications,"América Móvil, Grupo Carso (Telecommunications)"
2015,1,Bill Gates,79.2,59, United States,Microsoft,3.2,Technology,Microsoft (Technology)
2015,3,Warren Buffett,72.7,84, United States,Berkshire Hathaway,14.5,Conglomerate,Berkshire Hathaway (Conglomerate)
2015,5,Larry Ellison,54.3,70, United States,Oracle Corporation,6.3,Technology,Oracle Corporation (Technology)
2015,6,Charles Koch,42.9,79, United States,Koch Industries,2.9,Conglomerate,Koch Industries (Conglomerate)
2015,8,Christy Walton,41.7,66, United States,Wal-Mart,5,Retail,Wal-Mart (Retail)
2015,10,Liliane Bettencourt,40.1,92, France,L'Oreal,10.1,Beauty,L'Oreal (Beauty)
2015,4,Amancio Ortega,64.5,78, Spain,Inditex,0.5,Retail,Inditex (Retail)
2015,2,Carlos Slim,77.1,75, Mexico,"América Móvil, Grupo Carso",5.1,Telecommunications,"América Móvil, Grupo Carso (Telecommunications)"
2016,5,Jeff Bezos,45.2,52, United States,Amazon,0,Retail,Amazon (Retail)
2016,1,Bill Gates,75,60, United States,Microsoft,-4.2,Technology,Microsoft (Technology)
2016,3,Warren Buffett,60.8,85, United States,Berkshire Hathaway,-11.9,Conglomerate,Berkshire Hathaway (Conglomerate)
2016,6,Mark Zuckerberg,44.6,31, United States,"Facebook, Inc.",0,Technology,"Facebook, Inc. (Technology)"
2016,7,Larry Ellison,43.6,71, United States,Oracle Corporation,-10.7,Technology,Oracle Corporation (Technology)
2016,8,Michael Bloomberg,40,74, United States,Bloomberg L.P.,0,Media,Bloomberg L.P. (Media)
2016,9,Charles Koch,39.6,80, United States,Koch Industries,-3.3,Conglomerate,Koch Industries (Conglomerate)
2016,2,Amancio Ortega,67,79, Spain,Inditex,2.5,Retail,Inditex (Retail)
2016,4,Carlos Slim,50,76, Mexico,"América Móvil, Grupo Carso",-27.1,Telecommunications,"América Móvil, Grupo Carso (Telecommunications)"
2017,3,Jeff Bezos,72.8,53, United States,Amazon,27.6,Retail,Amazon (Retail)
2017,1,Bill Gates,86,61, United States,Microsoft,11,Technology,Microsoft (Technology)
2017,2,Warren Buffett,75.6,86, United States,Berkshire Hathaway,14.8,Conglomerate,Berkshire Hathaway (Conglomerate)
2017,5,Mark Zuckerberg,56,32, United States,"Facebook, Inc.",11.4,Technology,"Facebook, Inc. (Technology)"
2017,7,Larry Ellison,52.2,72, United States,Oracle Corporation,8.6,Technology,Oracle Corporation (Technology)
2017,8,Charles Koch,48.3,81, United States,Koch Industries,8.7,Conglomerate,Koch Industries (Conglomerate)
2017,10,Michael Bloomberg,47.5,75, United States,Bloomberg L.P.,7.5,Media,Bloomberg L.P. (Media)
2017,4,Amancio Ortega,71.3,80, Spain,Inditex,4.3,Retail,Inditex (Retail)
2017,6,Carlos Slim,54.5,77, Mexico,"América Móvil, Grupo Carso",4.5,Telecommunications,"América Móvil, Grupo Carso (Telecommunications)"
2018,1,Jeff Bezos,112,54, United States,Amazon,39.2,Retail,Amazon (Retail)
2018,2,Bill Gates,90,62, United States,Microsoft,4,Technology,Microsoft (Technology)
2018,3,Warren Buffett,84,87, United States,Berkshire Hathaway,8.4,Conglomerate,Berkshire Hathaway (Conglomerate)
2018,5,Mark Zuckerberg,71,33, United States,"Facebook, Inc.",15,Technology,"Facebook, Inc. (Technology)"
2018,8,Charles Koch,60,82, United States,Koch Industries,11.7,Conglomerate,Koch Industries (Conglomerate)
2018,10,Larry Ellison,58.5,73, United States,Oracle Corporation,6.3,Technology,Oracle Corporation (Technology)
2018,4,Bernard Arnault,72,69, France,LVMH,43,Luxury,LVMH (Luxury)
2018,6,Amancio Ortega,70,81, Spain,Inditex,-1.3,Retail,Inditex (Retail)
2018,7,Carlos Slim,67.1,78, Mexico,"América Móvil, Grupo Carso",12.6,Telecommunications,"América Móvil, Grupo Carso (Telecommunications)"
2019,10,Larry Page,50.8,45, United States,Alphabet Inc.,0,Technology,Alphabet Inc. (Technology)
2019,1,Jeff Bezos,131,55, United States,Amazon,19,Retail,Amazon (Retail)
2019,2,Bill Gates,96.5,63, United States,Microsoft,6.5,Technology,Microsoft (Technology)
2019,3,Warren Buffett,82.5,88, United States,Berkshire Hathaway,-1.5,Conglomerate,Berkshire Hathaway (Conglomerate)
2019,7,Larry Ellison,62.5,74, United States,Oracle Corporation,4,Technology,Oracle Corporation (Technology)
2019,8,Mark Zuckerberg,62.3,34, United States,"Facebook, Inc.",-8.7,Technology,"Facebook, Inc. (Technology)"
2019,9,Michael Bloomberg,55.5,77, United States,Bloomberg L.P.,8,Media,Bloomberg L.P. (Media)
2019,4,Bernard Arnault,76,70, France,LVMH,4,Luxury,LVMH (Luxury)
2019,6,Amancio Ortega,62.7,82, Spain,Inditex,-7.3,Retail,Inditex (Retail)
2019,5,Carlos Slim,64,79, Mexico,"América Móvil, Grupo Carso",-3.1,Telecommunications,"América Móvil, Grupo Carso (Telecommunications)"
2020,2,Bill Gates,98,64, United States,Microsoft,1.5,Technology,Microsoft (Technology)
2020,4,Warren Buffett,67.5,89, United States,Berkshire Hathaway,-15,Conglomerate,Berkshire Hathaway (Conglomerate)
2020,5,Larry Ellison,59,75, United States,Oracle Corporation,-3.5,Technology,Oracle Corporation (Technology)
2020,7,Mark Zuckerberg,54.7,35, United States,"Facebook, Inc.",-7.6,Technology,"Facebook, Inc. (Technology)"
2020,8,Jim Walton,54.6,71, United States,Wal-Mart,12.9,Retail,Wal-Mart (Retail)
2020,1,Jeff Bezos,113,56, United States,Amazon,-18,Retail,Amazon (Retail)
2020,3,Bernard Arnault,76,71, France,LVMH,0,Luxury,LVMH (Luxury)
2020,6,Amancio Ortega,55.1,84, Spain,Inditex,-7.6,Retail,Inditex (Retail)
2021,8,Larry Page,91.5,48, United States,Alphabet Inc.,40.7,Technology,Alphabet Inc. (Technology)
2021,2,Elon Musk,151,49, United States,"Tesla, SpaceX",0,Technology,"Tesla, SpaceX (Technology)"
2021,4,Bill Gates,124,65, United States,Microsoft,26,Technology,Microsoft (Technology)
2021,5,Mark Zuckerberg,97,36, United States,Meta Platforms,0,Technology,Meta Platforms (Technology)
2021,6,Warren Buffett,96,90, United States,Berkshire Hathaway,28.5,Conglomerate,Berkshire Hathaway (Conglomerate)
2021,7,Larry Ellison,93,76, United States,Oracle Corporation,34,Technology,Oracle Corporation (Technology)
2021,10,Mukesh Ambani,84.5,63, India,Reliance Industries,57.5,Conglomerate,Reliance Industries (Conglomerate)
2021,1,Jeff Bezos,177,57, United States,Amazon,64,Retail,Amazon (Retail)
2021,3,Bernard Arnault,150,72, France,LVMH,74,Luxury,LVMH (Luxury)
2022,1,Elon Musk,219,50, United States,"Tesla, SpaceX",68,Technology,"Tesla, SpaceX (Technology)"
2022,4,Bill Gates,129,66, United States,Microsoft,5,Technology,Microsoft (Technology)
2022,5,Warren Buffett,118,91, United States,Berkshire Hathaway,22,Conglomerate,Berkshire Hathaway (Conglomerate)
2022,8,Larry Ellison,106,77, United States,Oracle Corporation,13,Technology,Oracle Corporation (Technology)
2022,10,Mukesh Ambani,90.7,64, India,Reliance Industries,6.2,Conglomerate,Reliance Industries (Conglomerate)
2022,6,Larry Page,111,49, United States,Alphabet Inc.,19.5,Technology,Alphabet Inc. (Technology)
2022,2,Jeff Bezos,177,58, United States,Amazon,0,Retail,Amazon (Retail)
2022,3,Bernard Arnault,158,73, France,LVMH,8,Luxury,LVMH (Luxury)
